0,-0.0129797,0.00340177,0.573553,0.819059,0,0,0,1,0,0,0,0,10,10,10,10,0,-0.0173647,0.0204631,1.22162,0.00686086,0.00456966,-0.0436281,-1.53321,-2.68312,-2.68312,-1.91652,-0.049268,-0.049268,-0.0431095,-0.0307925,
0.020202,-0.0129009,0.00343365,0.573214,0.819297,0,0,0,1,14.337,14.8788,15.1919,14.6501,24,24,25,24,0.0200005,-0.0172073,0.0204177,1.2208,0.00981984,-0.00131423,-0.0432728,-2.29982,-2.68312,-2.29982,-1.91652,-0.036951,-0.0431095,-0.0431095,-0.036951,
0.039581,-0.0128858,0.00350949,0.572905,0.819513,0,0,0,1,16.188,16.8002,17.1505,16.5382,26,26,27,26,0.0400009,-0.0171033,0.0205182,1.22004,0.0120299,0.00215343,-0.0400005,-3.44973,8.04937,-3.06643,-2.68312,-1.74901,-1.43493,-2.21706,-2.91297,
0.059722,-0.0126094,0.0038314,0.573756,0.81892,0,0,0,1,16.4344,17.0574,17.4009,16.7779,26,27,27,26,0.0599995,-0.0162598,0.0207461,1.22212,0.0273203,-0.0030755,0.153017,-47.5296,-53.6625,-14.1822,-46.763,-4.83442,-4.40333,-4.69894,-4.64351,
0.079895,-0.0123213,0.00404881,0.57681,0.816775,0,0,0,1,16.5031,17.1264,17.4503,16.827,26,27,27,26,0.0799999,-0.0154606,0.0208296,1.2296,0.0242805,-0.000527583,0.402382,-72.4444,-69.7612,-36.7971,-72.8277,-5.0315,-4.87138,-4.87138,-4.71125,
0.100067,-0.0121305,0.00423602,0.581245,0.813627,0,0,0,1,16.5693,17.1897,17.4955,16.8751,26,27,27,26,0.1,-0.0148188,0.0209962,1.24048,0.0194375,-7.39712e-05,0.569432,-85.0934,-91.2262,-60.1786,-90.8429,-4.21857,-4.49571,-4.15083,-3.78748,
0.119232,-0.0119815,0.00441527,0.586555,0.809808,0,0,0,1,16.646,17.2642,17.5549,16.9367,26,27,27,26,0.120001,-0.0142294,0.0212082,1.25357,0.0130098,-0.00074368,0.672996,-90.8429,-100.809,-75.1275,-89.693,-3.27016,-3.55961,-3.17779,-2.87602,
0.139495,-0.0119374,0.00455253,0.592434,0.805517,0,0,0,1,16.7272,17.3445,17.6236,17.0063,26,27,27,27,0.139999,-0.0138411,0.0214802,1.26813,0.00689763,0.00420232,0.73421,-98.509,-107.325,-87.3932,-105.408,-2.2848,-2.52499,-2.30944,-1.9584,
0.159698,-0.0119416,0.00468747,0.598543,0.800988,0,0,0,1,16.8114,17.4295,17.7007,17.0827,26,27,27,27,0.16,-0.0135225,0.0218061,1.28334,0.004279,0.00611745,0.764703,-100.426,-117.674,-97.3591,-105.792,-1.49036,-1.68743,-1.60737,-1.45957,
0.180053,-0.011873,0.00485987,0.604761,0.796304,0,0,0,1,16.8941,17.5132,17.776,17.1569,26,27,27,27,0.18,-0.0130345,0.0221024,1.29891,0.0112127,0.00314701,0.77847,-107.708,-101.575,-101.575,-101.575,-0.954568,-1.04695,-0.98536,-1.19475,
0.200225,-0.0117504,0.00509164,0.611012,0.791517,0,0,0,1,16.9761,17.5956,17.8464,17.2269,26,27,27,27,0.200001,-0.0123827,0.0224214,1.31467,0.0157324,0.00682765,0.791455,-99.6589,-111.158,-104.642,-102.725,-0.628167,-0.665118,-0.695911,-0.960726,
0.219665,-0.0116307,0.00534869,0.61733,0.7866,0,0,0,1,17.0546,17.6749,17.911,17.2907,27,27,27,27,0.219999,-0.011697,0.0227765,1.33068,0.0214616,0.0095265,0.801117,-105.025,-105.408,-106.558,-113.075,-0.443412,-0.486522,-0.517314,-0.714386,
0.240081,-0.0115616,0.00569873,0.623622,0.781619,0,0,0,1,17.1314,17.7551,17.9754,17.3516,27,27,27,27,0.24,-0.0109691,0.0233308,1.34674,0.0207152,0.0185492,0.804458,-103.875,-119.207,-108.092,-106.558,-0.486522,-0.381827,-0.36951,-0.53579,
0.259399,-0.0115163,0.00598057,0.629901,0.776567,0,0,0,1,17.2015,17.8305,18.0356,17.4067,27,27,28,27,0.26,-0.0103551,0.0237991,1.36286,0.0118026,0.0164072,0.807012,-108.092,-111.541,-108.858,-121.124,-0.665118,-0.301767,-0.344876,-0.443412,
0.279846,-0.0113895,0.00624674,0.636206,0.77141,0,0,0,1,17.2681,17.9002,18.0909,17.4588,27,27,28,27,0.280001,-0.00962654,0.0241321,1.37916,0.0192714,0.00890074,0.816138,-118.824,-113.075,-110.008,-106.942,-0.689752,-0.338718,-0.504997,-0.320242,
0.30017,-0.011221,0.00649331,0.642547,0.766137,0,0,0,1,17.3313,17.9635,18.1385,17.5064,27,27,28,27,0.299999,-0.00885192,0.024372,1.39567,0.0245554,0.00549066,0.82956,-108.092,-114.991,-111.158,-106.175,-0.61585,-0.301767,-0.628167,-0.283291,
0.319549,-0.0109251,0.00655973,0.64896,0.760716,0,0,0,1,17.3961,18.0222,18.1822,17.5561,27,28,28,27,0.32,-0.0081102,0.0241624,1.41247,0.0199012,-0.0175884,0.840955,-108.858,-118.441,-114.224,-114.224,-0.511156,-0.258657,-0.708228,-0.270974,
0.340026,-0.0106367,0.0065715,0.655304,0.755261,0,0,0,1,17.4574,18.0712,18.2181,17.6043,27,28,28,27,0.34,-0.00745645,0.0238692,1.42922,0.0160462,-0.0192587,0.836475,-114.224,-104.642,-116.524,-105.025,-0.41262,-0.498839,-0.591216,-0.209389,
0.359314,-0.0103341,0.00667324,0.661674,0.749691,0,0,0,1,17.514,18.1151,18.2487,17.6477,27,28,28,27,0.360001,-0.00666562,0.0236835,1.44615,0.0225456,-0.0187524,0.849167,-110.775,-118.824,-117.674,-111.925,-0.332559,-0.634326,-0.517314,-0.215548,
0.379516,-0.00998483,0.0066816,0.668055,0.744015,0,0,0,1,17.5654,18.1527,18.2722,17.6849,27,28,28,27,0.379999,-0.00593201,0.0232854,1.46324,0.0193444,-0.0262,0.858133,-122.274,-123.424,-118.057,-114.608,-0.270974,-0.609692,-0.394144,-0.234023,
0.399688,-0.00980394,0.0067236,0.674413,0.738259,0,0,0,1,17.6127,18.1872,18.2954,17.7209,27,28,28,27,0.4,-0.0054082,0.0231534,1.4804,0.013102,-0.012267,0.85806,-111.158,-122.274,-119.974,-114.224,-0.215548,-0.529631,-0.295608,-0.203231,
0.419982,-0.00958406,0.00684554,0.680715,0.732454,0,0,0,1,17.6514,18.2169,18.3145,17.749,27,28,28,27,0.42,-0.00472132,0.0230781,1.49755,0.0195967,-0.00993297,0.85764,-111.925,-121.891,-120.357,-118.057,-0.190914,-0.381827,-0.24634,-0.209389,
0.4393,-0.00941856,0.00693215,0.687023,0.726542,0,0,0,1,17.6841,18.242,18.3288,17.771,27,28,28,27,0.440001,-0.00416199,0.0230166,1.51485,0.0126787,-0.00378243,0.86302,-113.841,-123.424,-120.357,-117.291,-0.197072,-0.295608,-0.240182,-0.215548,
0.459564,-0.00921459,0.00703374,0.693229,0.720624,0,0,0,1,17.7097,18.26,18.3367,17.7864,27,28,28,27,0.459999,-0.00352946,0.022915,1.53201,0.0179495,-0.00733685,0.85736,-114.991,-122.657,-119.974,-118.824,-0.16628,-0.227865,-0.221706,-0.160121,
0.479888,-0.00893145,0.00707368,0.699398,0.714641,0,0,0,1,17.7343,18.2748,18.3405,17.8,27,28,28,27,0.48,-0.00287166,0.0226055,1.54921,0.0134219,-0.0188642,0.860571,-111.158,-122.657,-119.974,-110.775,-0.160121,-0.172438,-0.178597,-0.203231,
0.5,-0.00864607,0.00713243,0.705455,0.708666,0,0,0,1,17.7537,18.2823,18.3365,17.8079,27,28,28,27,0.5,-0.00219169,0.0223097,1.56623,0.0202379,-0.016433,0.851213,-125.34,-121.891,-120.357,-114.608,-0.172438,-0.16628,-0.184755,-0.178597,
0.519287,0.00834599,-0.00726065,-0.711481,-0.702618,0,0,0,1,17.7679,18.2854,18.3268,17.8093,27,28,28,27,0.52,-0.00139681,0.0220808,1.58332,0.0255222,-0.0157252,0.853347,-111.541,-124.574,-120.357,-117.291,-0.16628,-0.153963,-0.178597,-0.16628,
0.539398,0.00797186,-0.00730458,-0.717432,-0.696544,0,0,0,1,17.7781,18.2833,18.3107,17.8055,27,28,28,27,0.540001,-0.000624569,0.0216161,1.60033,0.020218,-0.0274294,0.849479,-108.858,-125.34,-119.974,-107.325,-0.190914,-0.16628,-0.16628,-0.184755,
0.559692,0.00763027,-0.00739388,-0.723279,-0.690474,0,0,0,1,17.7821,18.2738,18.2873,17.7957,27,28,28,27,0.559999,0.000158699,0.0212498,1.6172,0.0308951,-0.0178469,0.842451,-113.841,-121.891,-120.357,-124.19,-0.190914,-0.172438,-0.153963,-0.160121,
0.579956,0.00733385,-0.00753416,-0.729093,-0.684334,0,0,0,1,17.7826,18.2632,18.2628,17.7822,27,28,28,27,0.58,0.000948819,0.0210074,1.63412,0.0223076,-0.0115611,0.842982,-107.325,-122.274,-119.207,-110.391,-0.172438,-0.172438,-0.141646,-0.129329,
0.599182,0.00701294,-0.00759951,-0.734864,-0.678136,0,0,0,1,17.7763,18.246,18.2325,17.7627,27,28,28,27,0.6,0.00165811,0.0206156,1.65106,0.0232815,-0.0213119,0.846529,-114.224,-118.824,-119.974,-113.075,-0.197072,-0.178597,-0.141646,-0.190914,
0.619415,0.00670119,-0.00761468,-0.740536,-0.67194,0,0,0,1,17.7647,18.2218,18.197,17.7398,27,28,28,27,0.620001,0.00227276,0.0201595,1.66787,0.0191024,-0.0188369,0.840549,-110.775,-121.891,-120.357,-116.524,-0.184755,-0.178597,-0.16628,-0.160121,
0.679687,0.00554103,-0.00777823,-0.757123,-0.653202,0,0,0,1,48.5845,49.7596,49.6229,48.4478,58,59,59,58,0.68,0.00454012,0.0185531,1.71794,0.0284425,-0.0224229,0.834778,-115.374,-122.274,-118.824,-125.724,-0.16628,-0.178597,-0.172438,-0.160121,
0.700103,0.00514404,-0.00783892,-0.762528,-0.646888,0,0,0,1,21.6673,22.1666,22.0816,21.5823,31,32,32,31,0.700001,0.00530043,0.0179877,1.73457,0.0270016,-0.0282903,0.830127,-124.19,-131.856,-135.689,-144.889,-1.84139,-1.53347,-2.07542,-2.47572,
0.719604,0.00449786,-0.00800624,-0.768603,-0.63966,0,0,0,1,18.1547,18.5525,18.4584,18.0606,28,28,28,28,0.719999,0.00655404,0.0171575,1.75347,0.0430195,-0.0388531,0.980846,-141.822,-140.289,-131.473,-134.156,-1.90914,-1.632,-1.50883,-1.43493,
0.739746,0.00393469,-0.00815778,-0.774923,-0.631991,0,0,0,1,17.6635,18.033,17.9191,17.5496,27,28,27,27,0.74,0.00767103,0.0164102,1.77335,0.0339891,-0.0332037,0.964188,-108.858,-118.441,-129.557,-115.374,1.60737,2.20474,1.90298,2.19243,
0.759735,0.00338811,-0.00803563,-0.779912,-0.625828,0,0,0,1,17.5594,17.9081,17.7782,17.4296,27,27,27,27,0.76,0.00829449,0.0153433,1.78921,0.0294435,-0.0474257,0.7662,-98.1257,-89.3097,-118.824,-91.9928,2.99919,3.15931,3.25785,3.06078,
0.780059,0.00284466,-0.00789602,-0.78384,-0.620906,0,0,0,1,17.5125,17.8388,17.6975,17.3712,27,27,27,27,0.780001,0.00884691,0.0142654,1.8018,0.0238632,-0.0451248,0.609881,-88.1598,-93.526,-106.175,-90.4596,2.49419,2.26633,2.54962,2.22938,
0.799408,0.00239884,-0.00788465,-0.78736,-0.616439,0,0,0,1,17.475,17.782,17.6297,17.3228,27,27,27,27,0.799999,0.00945965,0.0134987,1.81318,0.0277007,-0.0353884,0.561152,-83.5602,-93.1427,-97.3591,-91.6095,1.39798,1.05926,1.29329,1.02847,
0.819549,0.00193783,-0.00781274,-0.790868,-0.611933,0,0,0,1,17.4403,17.7307,17.5678,17.2775,27,27,27,27,0.82,0.00998703,0.0126272,1.8246,0.0234087,-0.0395724,0.573239,-87.0099,-93.1427,-91.6095,-88.9264,0.227865,-0.147804,0.0184755,-0.190914,
0.839904,0.00147387,-0.00784739,-0.794526,-0.607177,0,0,0,1,17.4014,17.6759,17.5018,17.2273,27,27,27,27,0.84,0.0106811,0.0118718,1.8366,0.0308063,-0.0341719,0.60595,-95.4426,-100.809,-96.5925,-93.9093,-0.683594,-0.899141,-0.806764,-0.942251,
0.860137,0.00102559,-0.00789817,-0.798486,-0.60196,0,0,0,1,17.3559,17.6163,17.4299,17.1695,27,27,27,27,0.860001,0.0113794,0.0111468,1.8497,0.0308458,-0.0309748,0.66156,-101.575,-98.8923,-96.2092,-110.008,-1.11469,-1.18243,-1.04079,-1.2317,
0.879425,0.000580115,-0.0079661,-0.802708,-0.596319,0,0,0,1,17.3008,17.548,17.3492,17.102,27,27,27,27,0.879999,0.012098,0.0104322,1.86379,0.0290072,-0.0321715,0.712618,-114.608,-101.575,-100.042,-103.875,-1.2317,-1.16396,-1.13932,-1.18859,
0.899902,1.0013e-05,-0.00796965,-0.807059,-0.590417,0,0,0,1,17.2421,17.4743,17.2625,17.0304,27,27,27,27,0.9,0.0128531,0.00942714,1.87846,0.0352649,-0.044204,0.734947,-111.925,-112.691,-105.408,-114.224,-1.12701,-0.973043,-1.02231,-1.06542,
0.920196,-0.000541315,-0.00797815,-0.811493,-0.584308,0,0,0,1,17.177,17.3921,17.1671,16.9521,27,27,27,26,0.92,0.0135819,0.00844495,1.89355,0.0335285,-0.0378918,0.756652,-110.775,-116.524,-110.008,-104.259,-0.9053,-0.714386,-0.763654,-0.757496,
0.939514,-0.0011207,-0.0079326,-0.815957,-0.578057,0,0,0,1,17.1058,17.3031,17.0657,16.8685,27,27,27,26,0.940001,0.0142418,0.00734218,1.90891,0.0329678,-0.0485031,0.770283,-114.991,-110.775,-111.158,-109.241,-0.646643,-0.498839,-0.572741,-0.387986,
0.959716,-0.00171091,-0.00789707,-0.820329,-0.571835,0,0,0,1,17.0289,17.2075,16.9581,16.7796,27,27,26,26,0.959999,0.0149139,0.00622467,1.92411,0.030212,-0.0478112,0.756692,-110.391,-111.541,-112.308,-112.691,-0.468046,-0.344876,-0.387986,-0.110853,
0.97995,-0.00229622,-0.00772064,-0.824626,-0.565621,0,0,0,1,16.9511,17.1097,16.8501,16.6915,26,27,26,26,0.98,0.0153317,0.00494688,1.93921,0.0222774,-0.0556901,0.756013,-122.274,-123.424,-113.075,-110.008,-0.332559,-0.252499,-0.117012,0.061585,
0.999298,-0.00278609,-0.00748617,-0.828874,-0.559378,0,0,0,1,16.8672,17.0048,16.739,16.6013,26,27,26,26,1,0.0155279,0.00375658,1.95431,0.010961,-0.0467822,0.752837,-110.008,-116.141,-111.925,-109.241,-0.16628,-0.215548,0.0677435,0.104695,
1.01935,-0.00331066,-0.00721802,-0.83292,-0.553336,0,0,0,1,16.78,16.8966,16.6268,16.5102,26,26,26,26,1.02,0.0156886,0.00247295,1.96884,0.00983071,-0.0524986,0.723231,-110.008,-116.141,-111.158,-108.858,0.0554265,-0.184755,0.147804,0.0554265,
1.0394,-0.00373294,-0.00700307,-0.836906,-0.547289,0,0,0,1,16.6901,16.7869,16.5141,16.4173,26,26,26,26,1.04,0.0158085,0.00141716,1.98332,0.00808986,-0.044448,0.728063,-109.625,-114.224,-109.241,-107.325,0.16628,-0.0677435,0.12317,0.012317,
1.05966,-0.00427087,-0.00681701,-0.840767,-0.541338,0,0,0,1,16.5965,16.6749,16.3982,16.3198,26,26,26,26,1.06,0.0160877,0.000199008,1.9975,0.0193927,-0.0521521,0.707259,-112.691,-107.325,-107.708,-106.558,0.178597,0.086219,0.036951,-0.0307925,
1.07965,-0.0048858,-0.00671022,-0.844518,-0.535464,0,0,0,1,16.5059,16.5654,16.2815,16.222,26,26,26,26,1.08,0.0165669,-0.00106613,2.01143,0.0271861,-0.0540343,0.692852,-102.725,-101.575,-106.942,-104.259,0.104695,0.190914,-0.012317,-0.12317,
1.0997,-0.00548908,-0.00661052,-0.848169,-0.529656,0,0,0,1,16.4134,16.4546,16.1617,16.1204,26,26,26,26,1.1,0.0170292,-0.00230874,2.02514,0.0294625,-0.0544645,0.685141,-106.175,-111.541,-106.942,-97.7424,0.036951,0.153963,-0.0554265,-0.147804,
1.11999,-0.00615059,-0.00643905,-0.851741,-0.523887,0,0,0,1,16.3195,16.3416,16.0398,16.0176,26,26,26,26,1.12,0.0174142,-0.00373077,2.0387,0.0247241,-0.0581003,0.678719,-110.775,-101.959,-105.025,-103.109,-0.024634,0.061585,-0.135487,-0.178597,
1.14017,-0.00681383,-0.00634416,-0.855234,-0.518159,0,0,0,1,16.2228,16.2256,15.9144,15.9116,26,26,25,25,1.14,0.017914,-0.00508028,2.0521,0.0344021,-0.0554755,0.668555,-104.259,-98.509,-106.175,-105.792,-0.0923775,0,-0.147804,-0.234023,
1.1593,-0.00739474,-0.00624077,-0.858691,-0.512402,0,0,0,1,16.1253,16.1106,15.7903,15.8051,26,26,25,25,1.16,0.0182973,-0.00630407,2.06552,0.0303432,-0.0524866,0.674196,-101.959,-107.708,-106.942,-116.141,-0.147804,-0.061585,-0.073902,-0.086219,
1.17956,-0.0080697,-0.00611584,-0.8621,-0.506637,0,0,0,1,16.0238,15.9916,15.6628,15.6949,26,25,25,25,1.18,0.0187234,-0.00771683,2.0789,0.0303158,-0.062851,0.66664,-103.875,-111.158,-104.642,-107.708,-0.172438,-0.129329,0.061585,0.0677435,
1.19983,-0.00870889,-0.00587441,-0.86538,-0.501006,0,0,0,1,15.9211,15.8699,15.5336,15.5848,25,25,25,25,1.2,0.0188955,-0.0091869,2.09192,0.0157891,-0.0617642,0.652649,-106.942,-106.942,-104.642,-96.5925,-0.209389,-0.0923775,0.129329,0.0923775,
1.22009,-0.00930267,-0.0056528,-0.868552,-0.495479,0,0,0,1,15.816,15.7459,15.4042,15.4744,25,25,25,25,1.22,0.0190403,-0.0105582,2.10465,0.0153455,-0.0591963,0.637378,-100.042,-105.408,-102.725,-96.2092,-0.104695,0.086219,0.110853,0.110853,
1.23947,-0.00992089,-0.00535441,-0.87165,-0.489999,0,0,0,1,15.7124,15.6232,15.2773,15.3665,25,25,25,25,1.24,0.0190593,-0.0120481,2.11723,0.0141149,-0.0667153,0.625519,-101.959,-101.575,-101.575,-95.0593,0.086219,0.12317,0.036951,0.0800605,
1.25977,-0.0106155,-0.00508094,-0.874619,-0.484667,0,0,0,1,15.6084,15.499,15.1487,15.2581,25,25,25,25,1.26,0.0191807,-0.0136443,2.12942,0.0219084,-0.0677975,0.60767,-99.6589,-103.109,-100.426,-101.959,0.12317,0.086219,-0.012317,-0.0061585,
1.28,-0.0112798,-0.00486167,-0.877529,-0.479366,0,0,0,1,15.5046,15.3756,15.0197,15.1487,25,25,25,25,1.28,0.0193502,-0.0151362,2.1415,0.0245465,-0.0662611,0.602655,-98.8923,-92.3761,-100.426,-92.7594,0.0923775,0.0554265,-0.061585,-0.0307925,
1.3403,-0.0134216,-0.0042821,-0.885799,-0.463854,0,0,0,1,41.9145,41.4587,40.4447,40.9004,51,51,50,50,1.34,0.0200428,-0.0198065,2.17661,0.0316796,-0.0682612,0.583087,-93.526,-94.2926,-99.2756,-100.426,-0.0554265,-0.110853,-0.209389,-0.178597,
1.35971,-0.0141451,-0.00408095,-0.888476,-0.458687,0,0,0,1,18.5386,18.3022,17.8359,18.0724,28,28,27,28,1.36,0.020234,-0.0213931,2.18823,0.028262,-0.0719649,0.583452,-107.708,-103.875,-108.858,-100.426,-0.973043,-0.98536,-1.73054,-1.47188,
1.3801,-0.015142,-0.00421521,-0.89145,-0.452847,0,0,0,1,15.4146,15.1923,14.7857,15.0081,25,25,24,25,1.38,0.0212366,-0.023181,2.20131,0.0809016,-0.0717687,0.685827,-109.241,-113.075,-106.175,-105.408,-0.234023,0.049268,0.012317,0.160121,
1.39941,-0.015961,-0.00403835,-0.89418,-0.447405,0,0,0,1,14.9077,14.6726,14.262,14.497,24,24,24,24,1.4,0.0215124,-0.024933,2.21347,0.0369593,-0.0699122,0.584332,-82.4102,-85.4767,-105.408,-80.877,2.23554,2.2848,2.38334,2.61736,
1.4194,-0.0167616,-0.00374648,-0.896096,-0.443528,0,0,0,1,14.7556,14.5022,14.0844,14.3378,24,24,24,24,1.42,0.0215923,-0.0267199,2.22209,0.0162512,-0.083381,0.401049,-68.228,-71.2944,-90.0763,-70.5278,3.1901,2.79596,2.88218,3.27632,
1.44012,-0.0175528,-0.00345882,-0.897415,-0.440824,0,0,0,1,14.6779,14.4043,13.9794,14.2529,24,24,23,24,1.44,0.0216939,-0.0284587,2.22809,0.0197005,-0.0816885,0.287425,-58.2621,-62.0952,-78.5772,-58.2621,2.39566,1.65664,1.68743,2.06926,
1.49954,-0.0195664,-0.00286526,-0.901106,-0.433147,0,0,0,1,39.9334,39.0869,37.8819,38.7284,49,49,47,48,1.5,0.0221278,-0.0327866,2.24508,0.0114075,-0.0592667,0.332637,-72.0611,-85.0934,-73.9776,-74.7442,-1.07158,-1.21938,-0.702069,-1.29329,
1.51971,-0.0200463,-0.00267324,-0.902753,-0.429683,0,0,0,1,17.7388,17.3336,16.7845,17.1897,27,27,26,27,1.52,0.0220682,-0.033903,2.25274,0.0126664,-0.0498624,0.392575,-84.7101,-86.6266,-65.1616,-72.8277,-1.98304,-2.19859,-1.39182,-2.06926,
1.54004,-0.0205647,-0.00257924,-0.904818,-0.425294,0,0,0,1,14.7881,14.4316,13.9648,14.3213,24,24,23,24,1.54,0.022175,-0.0350279,2.26243,0.0279272,-0.0461824,0.512657,-85.86,-97.7424,-83.1768,-91.9928,-0.689752,-0.874507,-0.307925,-0.652801,
1.55929,-0.0209844,-0.00244175,-0.906711,-0.421224,0,0,0,1,14.3162,13.959,13.5007,13.8579,24,23,23,23,1.56,0.0221223,-0.0360042,2.2714,0.0249439,-0.0243131,0.426443,-72.0611,-82.7935,-79.3438,-75.1275,2.29712,1.28713,1.9584,1.42261,
1.57938,-0.021214,-0.00237795,-0.907939,-0.418559,0,0,0,1,14.1838,13.8217,13.3639,13.726,24,23,23,23,1.58,0.0220932,-0.0365394,2.27726,0.0113261,-0.0173279,0.26729,-50.5961,-73.211,-68.9946,-60.5619,3.06078,2.137,2.29096,2.09389,
1.5994,-0.021418,-0.00239671,-0.908713,-0.416864,0,0,0,1,14.1194,13.7543,13.2954,13.6605,24,23,23,23,1.6,0.0222296,-0.0369358,2.28098,0.0162114,-0.0216977,0.17316,-50.5961,-61.7119,-61.3286,-54.8124,1.79828,1.39798,1.15164,1.31792,
1.61969,-0.0217744,-0.00241361,-0.909371,-0.415408,0,0,0,1,14.0788,13.7102,13.2476,13.6163,24,23,23,23,1.62,0.022498,-0.0376056,2.28417,0.0248619,-0.0381643,0.158638,-51.3627,-61.3286,-56.7289,-58.2621,0.12317,0.264816,-0.197072,0.209389,
1.64007,-0.0222448,-0.00235488,-0.910158,-0.413656,0,0,0,1,14.0415,13.6664,13.1984,13.5735,24,23,23,23,1.64,0.0227088,-0.0385539,2.288,0.0194761,-0.0492328,0.198224,-63.2451,-66.6948,-59.0287,-67.0781,-1.17012,-0.640484,-1.1578,-0.652801,
1.66022,-0.0228823,-0.00226066,-0.911199,-0.411324,0,0,0,1,13.9987,13.6138,13.1391,13.524,23,23,23,23,1.66,0.0229642,-0.0398515,2.29308,0.0252134,-0.0619646,0.264119,-74.3609,-75.1275,-63.2451,-74.7442,-1.80444,-1.05926,-1.53963,-1.12701,
1.67947,-0.0235326,-0.00207035,-0.912446,-0.408515,0,0,0,1,13.9426,13.5455,13.0643,13.4614,23,23,23,23,1.68,0.0230266,-0.0412646,2.29922,0.0151093,-0.070259,0.313959,-77.8106,-84.3268,-70.1445,-79.7271,-1.74901,-1.14548,-1.47188,-1.23786,
1.69977,-0.0242919,-0.00181624,-0.913849,-0.405323,0,0,0,1,13.875,13.4637,12.9768,13.3882,23,23,22,23,1.7,0.023035,-0.0429392,2.30617,0.0179681,-0.0825126,0.350107,-84.3268,-85.0934,-76.2774,-83.9435,-1.24402,-0.991519,-1.22554,-1.07158,
1.72018,-0.0250878,-0.0015675,-0.915312,-0.40196,0,0,0,1,13.7987,13.3717,12.8791,13.3061,23,23,22,23,1.72,0.0230631,-0.044681,2.31349,0.023256,-0.08088,0.366743,-85.4767,-86.6266,-79.7271,-88.5431,-0.843715,-0.757496,-0.800605,-0.825239,
1.73947,-0.0258347,-0.00132598,-0.916783,-0.398546,0,0,0,1,13.7202,13.2777,12.7795,13.2219,23,23,22,23,1.74,0.0230507,-0.0463293,2.32091,0.0220561,-0.0777193,0.371137,-85.0934,-81.2603,-81.6436,-88.9264,-0.603533,-0.566582,-0.381827,-0.65896,
1.75992,-0.0264714,-0.0011846,-0.918242,-0.395131,0,0,0,1,13.6375,13.1822,12.679,13.1343,23,23,22,23,1.76,0.0231232,-0.0476962,2.32832,0.0234092,-0.0595143,0.371844,-86.6266,-93.9093,-82.4102,-83.5602,-0.424937,-0.381827,-0.12317,-0.449571,
1.7803,-0.027149,-0.000993642,-0.919649,-0.3918,0,0,0,1,13.5541,13.0875,12.5796,13.0462,23,23,22,23,1.78,0.0231315,-0.0491762,2.33554,0.0196397,-0.0714116,0.3609,-82.4102,-83.9435,-82.4102,-86.2433,-0.326401,-0.258657,-0.036951,-0.295608,
1.79965,-0.0277867,-0.000759134,-0.921031,-0.388496,0,0,0,1,13.4703,12.9919,12.4802,12.9586,23,22,22,22,1.8,0.0230199,-0.0506166,2.34269,0.0170117,-0.0626751,0.357319,-84.3268,-87.7765,-81.2603,-83.1768,-0.270974,-0.221706,-0.049268,-0.234023,
1.82004,-0.0283188,-0.000540269,-0.922388,-0.385225,0,0,0,1,13.3876,12.8984,12.3844,12.8736,23,22,22,22,1.82,0.0228476,-0.0518488,2.34976,0.0132808,-0.0549402,0.354042,-87.7765,-87.3932,-80.4937,-87.3932,-0.234023,-0.0307925,-0.0677435,-0.036951,
1.83929,-0.0289619,-0.000310038,-0.923673,-0.382085,0,0,0,1,13.3054,12.8058,12.2897,12.7893,23,22,22,22,1.84,0.0227388,-0.053291,2.35654,0.0164354,-0.0690851,0.335893,-94.676,-85.86,-80.4937,-83.1768,-0.234023,0.178597,-0.061585,0.135487,
1.85947,-0.0296952,-1.62018e-05,-0.924893,-0.379066,0,0,0,1,13.2274,12.7154,12.196,12.7081,23,22,22,22,1.86,0.0225789,-0.0549452,2.36304,0.0114517,-0.0837209,0.322994,-82.4102,-80.877,-78.9605,-82.0269,-0.234023,0.16628,-0.098536,0.16628,
1.87958,-0.0304865,0.000327108,-0.926032,-0.376211,0,0,0,1,13.1531,12.6263,12.1035,12.6302,23,22,22,22,1.88,0.0223707,-0.0567395,2.36917,0.0126362,-0.0911473,0.306754,-87.3932,-82.7935,-79.7271,-83.5602,-0.221706,0.110853,-0.16628,0.135487,
1.89996,-0.0313277,0.000677476,-0.927154,-0.373367,0,0,0,1,13.0838,12.541,12.014,12.5569,23,22,22,22,1.9,0.0221771,-0.0586307,2.37528,0.0152742,-0.0902164,0.304101,-85.0934,-83.1768,-79.3438,-81.6436,-0.221706,0.049268,-0.190914,0.0307925,
1.91928,-0.0321613,0.0010387,-0.928248,-0.370568,0,0,0,1,13.0147,12.4554,11.9242,12.4835,23,22,21,22,1.92,0.0219494,-0.060514,2.38127,0.0104286,-0.0902566,0.296926,-88.1598,-81.6436,-80.877,-75.1275,-0.227865,-0.0184755,-0.203231,-0.0061585,
1.93954,-0.0330308,0.0014452,-0.929296,-0.367852,0,0,0,1,12.9469,12.3707,11.8355,12.4118,22,22,21,22,1.94,0.0216588,-0.0624946,2.38709,0.00403319,-0.0970737,0.2894,-85.0934,-82.4102,-79.7271,-72.4444,-0.190914,-0.086219,-0.036951,-0.0431095,
1.95981,-0.0338846,0.00183502,-0.930308,-0.365207,0,0,0,1,12.88,12.2865,11.7474,12.3409,22,22,21,22,1.96,0.0213815,-0.0644311,2.39274,0.0094234,-0.093654,0.283142,-86.2433,-81.6436,-78.1939,-76.6607,-0.104695,-0.141646,0.086219,-0.135487,
1.97989,-0.0347008,0.00218646,-0.931291,-0.362613,0,0,0,1,12.8159,12.2061,11.6632,12.2729,22,22,21,22,1.98,0.0211414,-0.0662672,2.39828,0.0132846,-0.083878,0.27783,-89.693,-81.2603,-77.044,-75.1275,0.061585,-0.178597,0.104695,-0.178597,
1.9993,-0.0352735,0.00251499,-0.932232,-0.36013,0,0,0,1,12.7509,12.1276,11.5823,12.2056,22,22,21,22,2,0.0207659,-0.0676292,2.40359,-0.000770722,-0.0653623,0.264631,-90.0763,-81.6436,-76.6607,-80.4937,0.153963,-0.215548,0.0923775,-0.172438,
2.01947,-0.0359113,0.002812,-0.933151,-0.357676,0,0,0,1,12.686,12.0513,11.5048,12.1394,22,22,21,22,2.02,0.0204915,-0.0690878,2.40883,0.0097762,-0.0721615,0.261906,-87.3932,-77.8106,-75.5108,-83.5602,0.160121,-0.203231,0.036951,-0.197072,
2.03964,-0.0365188,0.00306237,-0.934004,-0.355379,0,0,0,1,12.6234,11.978,11.4295,12.0749,22,21,21,22,2.04,0.0202872,-0.0704522,2.41373,0.00801999,-0.0621685,0.241243,-81.6436,-77.8106,-74.3609,-81.6436,0.0923775,-0.197072,-0.036951,-0.184755,
2.05988,-0.0369716,0.00328936,-0.934824,-0.353167,0,0,0,1,12.5617,11.9075,11.3577,12.0119,22,21,21,22,2.06,0.0200168,-0.0715082,2.41845,0.0075992,-0.0502257,0.239747,-84.3268,-80.877,-73.5943,-83.9435,0.012317,-0.024634,-0.0800605,-0.178597,
2.08014,-0.0374778,0.00351209,-0.935647,-0.350925,0,0,0,1,12.502,11.8401,11.2895,11.9514,22,21,21,21,2.08,0.0197851,-0.0726608,2.42323,0.0139678,-0.0560573,0.238542,-85.4767,-74.3609,-73.5943,-80.1104,-0.036951,0.141646,-0.129329,-0.184755,
2.09961,-0.0380709,0.00365113,-0.936421,-0.348788,0,0,0,1,12.4431,11.7735,11.2206,11.8902,22,21,21,21,2.1,0.0197746,-0.0739149,2.42776,0.0194426,-0.0650048,0.225065,-86.2433,-78.5772,-73.5943,-86.2433,-0.086219,0.178597,-0.12317,0,
2.15982,-0.040145,0.0042371,-0.93845,-0.343048,0,0,0,1,33.8231,31.9334,30.393,32.2827,43,41,40,42,2.16,0.0196523,-0.0783353,2.43991,0.0117436,-0.0762255,0.190716,-78.1939,-75.5108,-73.5943,-75.8941,-0.190914,0,-0.203231,0.135487,
2.18008,-0.0409227,0.00451687,-0.939071,-0.341248,0,0,0,1,15.0288,14.1641,13.4669,14.3316,25,24,23,24,2.18,0.0195099,-0.0800268,2.44371,0.0116207,-0.0838035,0.190486,-96.2092,-82.0269,-76.2774,-73.5943,-1.71206,-1.82908,-2.4634,-2.3156,
2.19934,-0.0417255,0.00459697,-0.94013,-0.33822,0,0,0,1,12.5433,11.8022,11.2092,11.9503,22,21,21,21,2.2,0.019648,-0.081655,2.45011,0.0273414,-0.0803622,0.358875,-105.408,-98.509,-87.0099,-98.8923,-1.96456,-1.77981,-1.82292,-1.47188,
2.2196,-0.0424375,0.00492387,-0.941303,-0.334849,0,0,0,1,12.1431,11.411,10.8288,11.561,22,21,20,21,2.22,0.0192184,-0.0832868,2.45725,0.0245844,-0.0719536,0.332313,-78.1939,-68.9946,-87.3932,-75.5108,1.71822,2.00151,1.69359,1.9892,
2.24005,-0.0432077,0.0051254,-0.941831,-0.333258,0,0,0,1,12.0338,11.2938,10.7103,11.4503,22,21,20,21,2.24,0.0192145,-0.0849069,2.46059,0.0250037,-0.0806734,0.137852,-64.7783,-55.9623,-78.5772,-56.7289,2.98072,2.85754,2.7898,2.69742,
2.2594,-0.0439445,0.00521775,-0.941866,-0.333061,0,0,0,1,12.0047,11.2533,10.6629,11.4143,22,21,20,21,2.26,0.0195176,-0.0863627,2.46096,0.0223021,-0.0711004,0.00158877,-54.4291,-48.6795,-66.6948,-48.6795,2.38334,1.85987,2.42029,1.89066,
2.27948,-0.0445755,0.00530636,-0.94173,-0.333362,0,0,0,1,12.0113,11.2478,10.6485,11.4119,22,21,20,21,2.28,0.0198025,-0.0876061,2.46028,0.0128306,-0.0615462,-0.0397222,-51.746,-51.3627,-57.8788,-54.8124,1.14548,0.504997,1.29329,0.806764,
2.2998,-0.0450076,0.00542394,-0.941597,-0.333675,0,0,0,1,12.0265,11.2524,10.6457,11.4198,22,21,20,21,2.3,0.0199007,-0.0884932,2.45958,0.00396197,-0.0436882,-0.0277769,-59.0287,-60.5619,-52.8959,-57.4955,-0.0184755,-0.578899,0.209389,-0.221706,
2.31982,-0.0452888,0.0056041,-0.941604,-0.333616,0,0,0,1,12.0376,11.255,10.6443,11.4269,22,21,20,21,2.32,0.0197441,-0.0891454,2.4597,-0.00446037,-0.031761,0.0135164,-62.0952,-64.7783,-54.8124,-65.1616,-0.812922,-1.0839,-0.597375,-0.769813,
2.34,-0.045527,0.00584842,-0.941746,-0.333177,0,0,0,1,12.0355,11.2459,10.6345,11.4241,22,21,20,21,2.34,0.019401,-0.0897674,2.46063,-0.00938985,-0.0359424,0.057425,-69.3779,-66.3115,-56.3456,-63.2451,-1.13316,-1.12085,-0.899141,-0.979202,
2.36001,-0.0458723,0.00612702,-0.942018,-0.332357,0,0,0,1,12.0215,11.2248,10.614,11.4106,22,21,20,21,2.36,0.0190276,-0.0906217,2.46237,-0.0138934,-0.0424326,0.0906795,-72.0611,-78.5772,-59.0287,-72.8277,-1.10237,-0.917617,-0.936092,-0.886824,
2.37924,-0.0461577,0.00643063,-0.942337,-0.331403,0,0,0,1,11.9981,11.1943,10.5847,11.3885,21,21,20,21,2.38,0.0185525,-0.0913817,2.4644,-0.00783082,-0.0372701,0.100241,-75.8941,-75.5108,-62.0952,-74.7442,-0.973043,-0.720545,-0.726703,-0.708228,
2.39938,-0.0464741,0.00670905,-0.942683,-0.330369,0,0,0,1,11.9723,11.1616,10.5536,11.3643,21,21,20,21,2.4,0.0181362,-0.0921842,2.46659,-0.0103566,-0.0370289,0.109442,-77.4273,-75.8941,-64.0117,-71.2944,-0.665118,-0.511156,-0.554265,-0.517314,
2.41949,-0.0467203,0.00696323,-0.94303,-0.329338,0,0,0,1,11.9437,11.1271,10.5208,11.3375,21,21,20,21,2.42,0.0177178,-0.0928371,2.46878,-0.00319723,-0.0326812,0.108705,-78.9605,-75.8941,-65.5449,-77.8106,-0.240182,-0.332559,-0.431095,-0.387986,
2.43994,-0.0469448,0.00715069,-0.943379,-0.328301,0,0,0,1,11.9142,11.0929,10.4883,11.3096,21,21,20,21,2.44,0.0174092,-0.0934044,2.47098,0.00208462,-0.0321443,0.108364,-77.044,-69.7612,-67.0781,-71.2944,-0.012317,-0.215548,-0.344876,-0.264816,
2.45923,-0.047169,0.00728394,-0.943689,-0.327372,0,0,0,1,11.8847,11.0599,10.4564,11.2812,21,21,20,21,2.46,0.0172128,-0.0939329,2.47295,0.00241268,-0.0273921,0.0953594,-72.0611,-78.5772,-67.4614,-76.2774,0.036951,-0.197072,-0.24634,-0.190914,
2.47949,-0.0473904,0.00737637,-0.943962,-0.32655,0,0,0,1,11.8602,11.0324,10.4289,11.2568,21,21,20,21,2.48,0.0171017,-0.0944274,2.47469,0.00406013,-0.0238923,0.0870988,-75.8941,-68.9946,-67.4614,-71.2944,0.036951,-0.16628,-0.147804,-0.147804,
2.49963,-0.0475014,0.00746025,-0.944206,-0.325826,0,0,0,1,11.8375,11.0076,10.4044,11.2343,21,21,20,21,2.5,0.0169431,-0.0947052,2.47622,0.00418554,-0.0108874,0.074005,-70.9111,-75.1275,-67.4614,-70.1445,0.0061585,-0.141646,-0.110853,-0.147804,
2.52002,-0.0475199,0.00753799,-0.944442,-0.325137,0,0,0,1,11.8155,10.985,10.3832,11.2137,21,20,20,21,2.52,0.0167386,-0.0948034,2.47769,-0.00416402,-0.00761757,0.075723,-70.5278,-75.8941,-67.8447,-70.1445,-0.0431095,-0.172438,-0.135487,-0.153963,
2.54016,-0.0475408,0.00758889,-0.944661,-0.324497,0,0,0,1,11.7943,10.964,10.3641,11.1943,21,20,20,21,2.54,0.0165912,-0.0948872,2.47905,0.00353386,-0.00639019,0.0679935,-72.8277,-74.7442,-67.4614,-80.4937,-0.0677435,0.0184755,-0.160121,-0.141646,
2.55951,-0.047619,0.00755471,-0.944883,-0.323837,0,0,0,1,11.7729,10.9434,10.3443,11.1737,21,20,20,21,2.56,0.0166408,-0.0950247,2.48044,0.0143048,-0.00951577,0.0678189,-71.2944,-73.5943,-67.4614,-75.8941,-0.117012,0.172438,-0.147804,-0.129329,
2.57983,-0.0477662,0.00749011,-0.945045,-0.323346,0,0,0,1,11.7563,10.9274,10.3271,11.156,21,20,20,21,2.58,0.0168101,-0.0952703,2.48146,0.0202277,-0.0113443,0.0504811,-77.8106,-69.7612,-66.6948,-70.1445,-0.209389,0.160121,-0.141646,-0.16628,
2.60013,-0.0478726,0.0073944,-0.945189,-0.322912,0,0,0,1,11.7428,10.9143,10.3119,11.1403,21,20,20,21,2.6,0.0170173,-0.0954174,2.48237,0.0171533,-0.00710605,0.0428196,-71.2944,-68.9946,-67.8447,-75.8941,-0.215548,0.104695,-0.172438,-0.16628,
2.62027,-0.0479631,0.00724047,-0.945317,-0.322525,0,0,0,1,11.7307,10.9036,10.2986,11.1257,21,20,20,21,2.62,0.0173294,-0.0954962,2.48317,0.0213321,-0.00676717,0.0390237,-71.6777,-72.8277,-67.4614,-69.3779,-0.203231,0.0554265,-0.215548,-0.147804,
2.63949,-0.0481482,0.00711926,-0.94543,-0.32217,0,0,0,1,11.7194,10.8934,10.2852,11.1112,21,20,20,21,2.64,0.0176441,-0.095775,2.4839,0.0207662,-0.015294,0.0370547,-75.5108,-67.0781,-66.6948,-80.877,-0.197072,0,-0.215548,-0.153963,
2.6597,-0.0484285,0.00705956,-0.945508,-0.321898,0,0,0,1,11.713,10.8859,10.2735,11.1006,21,20,20,21,2.66,0.0179123,-0.0962727,2.48445,0.0242542,-0.0263246,0.0216918,-71.6777,-68.6113,-67.8447,-72.0611,-0.227865,-0.086219,-0.178597,-0.141646,
2.68002,-0.048569,0.00690964,-0.94558,-0.321669,0,0,0,1,11.7077,10.8797,10.2631,11.0911,21,20,20,21,2.68,0.0182649,-0.0964464,2.48491,0.0207585,-0.0141927,0.022529,-80.4937,-72.4444,-68.228,-75.8941,-0.203231,-0.129329,-0.129329,-0.178597,
2.70022,-0.0486479,0.00680406,-0.945653,-0.321445,0,0,0,1,11.702,10.8747,10.2548,11.0821,21,20,20,21,2.7,0.0184938,-0.0965322,2.48537,0.0137305,-0.00841503,0.0211587,-73.211,-68.6113,-67.8447,-74.3609,-0.178597,-0.160121,-0.141646,-0.172438,
2.71967,-0.0486521,0.00662472,-0.94572,-0.321251,0,0,0,1,11.6949,10.8695,10.2472,11.0726,21,20,20,21,2.72,0.0188173,-0.0964282,2.48576,0.0194713,0.00629095,0.0186907,-72.4444,-63.6284,-67.0781,-68.9946,-0.178597,-0.197072,-0.153963,-0.135487,
2.73993,-0.0486375,0.00651705,-0.94576,-0.321137,0,0,0,1,11.6906,10.8677,10.2434,11.0663,21,20,20,21,2.74,0.0190007,-0.0963335,2.486,0.0116534,0.00542984,0.0099447,-71.6777,-62.8618,-68.228,-78.5772,-0.172438,-0.184755,-0.160121,-0.141646,
2.75925,-0.0486603,0.00641553,-0.94577,-0.321109,0,0,0,1,11.6881,10.867,10.2411,11.0623,21,20,20,21,2.76,0.0192055,-0.096312,2.48605,0.0165889,0.00132009,0.00033307,-70.5278,-67.8447,-67.8447,-73.9776,-0.16628,-0.190914,-0.153963,-0.147804,
2.77957,-0.0485901,0.00626068,-0.945782,-0.321087,0,0,0,1,11.6868,10.8679,10.2406,11.0594,21,20,20,21,2.78,0.0194518,-0.0960794,2.48609,0.0161663,0.00910979,-0.000612178,-70.5278,-64.7783,-68.228,-74.7442,-0.153963,-0.203231,-0.153963,-0.153963,
2.7998,-0.0484946,0.00605273,-0.945784,-0.321098,0,0,0,1,11.6845,10.8694,10.2406,11.0557,21,20,20,21,2.8,0.0197858,-0.0957642,2.48606,0.0170508,0.00988423,-0.00112016,-79.7271,-62.8618,-67.4614,-74.3609,-0.172438,-0.16628,-0.184755,-0.147804,
2.82004,-0.0484221,0.00586639,-0.945777,-0.321133,0,0,0,1,11.6847,10.8738,10.2432,11.0542,21,20,20,21,2.82,0.0200962,-0.095506,2.48597,0.0147388,0.0122883,-0.00396474,-74.7442,-70.5278,-67.4614,-75.5108,-0.172438,-0.16628,-0.203231,-0.135487,
2.83942,-0.0483508,0.00571467,-0.945747,-0.321234,0,0,0,1,11.6858,10.8784,10.2462,11.0536,21,20,20,21,2.84,0.0203482,-0.0952708,2.48575,0.0177027,0.0142612,-0.0142569,-72.8277,-71.2944,-67.4614,-71.2944,-0.172438,-0.160121,-0.172438,-0.147804,
2.85962,-0.0482152,0.00550671,-0.945705,-0.321383,0,0,0,1,11.6882,10.8846,10.251,11.0546,21,20,20,21,2.86,0.0206701,-0.0948766,2.48543,0.0194694,0.018437,-0.0189406,-74.3609,-68.9946,-68.6113,-78.5772,-0.178597,-0.178597,-0.153963,-0.178597,
2.87982,-0.0480021,0.00521839,-0.945676,-0.321506,0,0,0,1,11.6892,10.8914,10.2564,11.0542,21,20,20,21,2.88,0.0210914,-0.0942841,2.48517,0.0243301,0.0266341,-0.0161402,-70.5278,-68.9946,-67.8447,-70.9111,-0.16628,-0.16628,-0.135487,-0.147804,
2.89966,-0.0477952,0.00495507,-0.945618,-0.321711,0,0,0,1,11.6924,10.9013,10.2648,11.0559,21,20,20,21,2.9,0.0214771,-0.0937173,2.48473,0.0183887,0.0276501,-0.0219346,-77.4273,-73.5943,-68.228,-75.1275,-0.160121,-0.141646,-0.129329,-0.135487,
2.91998,-0.0476135,0.0046841,-0.945527,-0.32201,0,0,0,1,11.6975,10.9127,10.2747,11.0595,21,20,20,21,2.92,0.021903,-0.0931911,2.48409,0.0246386,0.0235857,-0.0332668,-75.1275,-68.6113,-67.4614,-71.6777,-0.16628,-0.147804,-0.16628,-0.147804,
2.94028,-0.0474998,0.00440832,-0.945418,-0.322349,0,0,0,1,11.7053,10.9262,10.2858,11.0648,21,20,20,21,2.94,0.0223857,-0.0927894,2.48336,0.0285819,0.0177901,-0.042464,-73.211,-69.3779,-67.4614,-77.044,-0.178597,-0.147804,-0.153963,-0.153963,
2.95966,-0.047238,0.00407375,-0.945313,-0.322699,0,0,0,1,11.7127,10.9402,10.2973,11.0698,21,20,20,21,2.96,0.0228843,-0.0920687,2.48261,0.0226793,0.0346655,-0.0383079,-73.9776,-72.4444,-67.8447,-80.4937,-0.16628,-0.160121,-0.16628,-0.160121,
2.97995,-0.04703,0.0036944,-0.945169,-0.323156,0,0,0,1,11.7231,10.9582,10.3126,11.0775,21,20,20,21,2.98,0.0235128,-0.0914176,2.48163,0.0281544,0.0238226,-0.051028,-74.7442,-68.228,-67.4614,-69.3779,-0.147804,-0.153963,-0.184755,-0.141646,
3.00012,-0.0468666,0.0033629,-0.945026,-0.323601,0,0,0,1,11.7348,10.9771,10.3281,11.0858,21,20,20,21,3,0.0240778,-0.0908819,2.48068,0.0296955,0.024871,-0.0488731,-73.9776,-68.9946,-66.6948,-76.2774,-0.16628,-0.16628,-0.16628,-0.135487,
3.01953,-0.046574,0.00296426,-0.944879,-0.324077,0,0,0,1,11.7464,10.9966,10.3444,11.0943,21,20,20,21,3.02,0.0246879,-0.0900565,2.47966,0.0291691,0.041133,-0.0533836,-78.1939,-72.4444,-67.0781,-69.7612,-0.190914,-0.153963,-0.160121,-0.147804,
3.03986,-0.0463214,0.00257715,-0.944714,-0.324595,0,0,0,1,11.7585,11.0174,10.3623,11.1034,21,21,20,21,3.04,0.0253057,-0.0893128,2.47855,0.0278367,0.0343833,-0.0576986,-73.211,-68.9946,-67.4614,-75.8941,-0.172438,-0.141646,-0.16628,-0.16628,
3.05997,-0.0460216,0.00213222,-0.944522,-0.325201,0,0,0,1,11.7714,11.0395,10.3812,11.1131,21,21,20,21,3.06,0.0260092,-0.0884389,2.47726,0.0294946,0.0402582,-0.0665847,-72.4444,-71.2944,-67.4614,-69.7612,-0.153963,-0.437254,-0.135487,-0.147804,
3.07928,-0.0456615,0.00174532,-0.944333,-0.325803,0,0,0,1,11.7868,11.0647,10.4037,11.1258,21,21,20,21,3.08,0.0265616,-0.0874881,2.47599,0.0235599,0.0419997,-0.0657157,-76.2774,-78.1939,-67.8447,-80.4937,-0.16628,-0.597375,-0.12317,-0.135487,
3.09973,-0.0451462,0.0014252,-0.944134,-0.326453,0,0,0,1,11.8007,11.0892,10.4278,11.1393,21,21,20,21,3.1,0.0268883,-0.0862855,2.47463,0.016109,0.0616035,-0.0694769,-71.6777,-68.228,-67.4614,-73.211,-0.184755,-0.523473,-0.160121,-0.129329,
3.12006,-0.0446081,0.00112134,-0.943956,-0.327042,0,0,0,1,11.8132,11.113,10.4532,11.1534,21,21,20,21,3.12,0.027162,-0.0850522,2.4734,0.0130322,0.0595507,-0.0619963,-72.4444,-75.5108,-66.6948,-76.6607,-0.178597,-0.41262,-0.160121,-0.178597,
3.14032,-0.0440305,0.000744408,-0.94377,-0.327658,0,0,0,1,11.8236,11.1356,10.4779,11.1658,21,21,20,21,3.14,0.0275487,-0.0836948,2.47212,0.0145778,0.062744,-0.0701132,-78.9605,-74.7442,-67.4614,-75.5108,-0.172438,-0.332559,-0.184755,-0.160121,
3.15967,-0.0435027,0.000281252,-0.943547,-0.32837,0,0,0,1,11.8374,11.1627,10.5057,11.1803,21,21,20,21,3.16,0.0281383,-0.0823715,2.47062,0.0260122,0.0620162,-0.0742318,-72.4444,-75.5108,-67.8447,-68.6113,-0.16628,-0.240182,-0.16628,-0.135487,
3.18002,-0.0429394,-0.000149704,-0.943331,-0.329062,0,0,0,1,11.8517,11.1907,10.5338,11.1948,21,21,20,21,3.18,0.0286397,-0.0810022,2.46917,0.0215846,0.0711,-0.0774262,-72.4444,-71.2944,-67.8447,-72.0611,-0.16628,-0.16628,-0.147804,-0.135487,
3.20016,-0.0423249,-0.000471692,-0.943083,-0.329852,0,0,0,1,11.8666,11.219,10.5636,11.2112,21,21,20,21,3.2,0.0289072,-0.0796047,2.46752,0.0136535,0.0673462,-0.084451,-75.1275,-80.4937,-67.4614,-72.8277,-0.172438,-0.160121,-0.153963,-0.129329,
3.2193,-0.0417305,-0.000907872,-0.942828,-0.330657,0,0,0,1,11.8819,11.2479,10.5942,11.2282,21,21,20,21,3.22,0.0294029,-0.0781685,2.46583,0.0234448,0.0660025,-0.086857,-71.2944,-70.1445,-67.4614,-75.5108,-0.16628,-0.12317,-0.153963,-0.160121,
3.23972,-0.0411074,-0.00142953,-0.94256,-0.331494,0,0,0,1,11.8997,11.2806,10.6274,11.2465,21,21,20,21,3.24,0.0300411,-0.0766196,2.46407,0.026201,0.0706036,-0.0926989,-80.4937,-74.7442,-67.0781,-74.7442,-0.16628,-0.117012,-0.153963,-0.147804,
3.25995,-0.0405223,-0.00199342,-0.94228,-0.332359,0,0,0,1,11.9177,11.3146,10.6607,11.2638,21,21,20,21,3.26,0.0307843,-0.0751123,2.46225,0.0332288,0.0676681,-0.0951898,-73.5943,-74.7442,-68.9946,-75.8941,-0.160121,-0.129329,-0.147804,-0.129329,
3.28012,-0.039928,-0.00246196,-0.94198,-0.333276,0,0,0,1,11.937,11.3495,10.6948,11.2823,21,21,20,21,3.28,0.0313424,-0.0736483,2.46032,0.0284975,0.0713203,-0.0989394,-72.8277,-75.8941,-67.8447,-70.9111,-0.160121,-0.147804,-0.129329,-0.135487,
3.29932,-0.0392789,-0.00299131,-0.94166,-0.334253,0,0,0,1,11.9564,11.3847,10.73,11.3017,21,21,20,21,3.3,0.0319802,-0.0720374,2.45826,0.0286118,0.0743441,-0.104837,-74.3609,-78.1939,-67.4614,-77.8106,-0.178597,-0.147804,-0.184755,-0.153963,
3.31964,-0.0386893,-0.00357312,-0.941335,-0.33523,0,0,0,1,11.9787,11.4235,10.7678,11.323,21,21,20,21,3.32,0.0327539,-0.0705019,2.4562,0.0318038,0.0710821,-0.10433,-74.3609,-68.9946,-67.4614,-70.5278,-0.153963,-0.160121,-0.215548,-0.160121,
3.34003,-0.0380446,-0.00415343,-0.940979,-0.336294,0,0,0,1,12.0014,11.4632,10.806,11.3442,22,21,20,21,3.34,0.0334906,-0.0688593,2.45396,0.032468,0.0741633,-0.110442,-72.0611,-72.8277,-68.228,-75.8941,-0.160121,-0.16628,-0.160121,-0.160121,
3.35931,-0.0374667,-0.00473501,-0.940622,-0.337347,0,0,0,1,12.0252,11.504,10.8452,11.3664,22,21,20,21,3.36,0.0342707,-0.0673403,2.45173,0.0374057,0.0716876,-0.11631,-75.5108,-75.8941,-68.6113,-76.2774,-0.301767,-0.172438,-0.135487,-0.12317,
3.3797,-0.0368555,-0.00529931,-0.940259,-0.338418,0,0,0,1,12.0484,11.544,10.8834,11.3877,22,21,20,21,3.38,0.0349933,-0.0657681,2.44947,0.0357638,0.0763232,-0.111818,-76.2774,-75.8941,-68.228,-71.2944,-0.560424,-0.147804,-0.135487,-0.160121,
3.39996,-0.0363032,-0.00585614,-0.939907,-0.339445,0,0,0,1,12.0732,11.5853,10.9228,11.4107,22,21,20,21,3.4,0.0357358,-0.0643118,2.4473,0.0304669,0.0644886,-0.112969,-77.8106,-71.2944,-67.4614,-75.5108,-0.566582,-0.160121,-0.153963,-0.160121,
3.42001,-0.035739,-0.00643423,-0.939531,-0.340534,0,0,0,1,12.0977,11.6262,10.9614,11.4329,22,21,20,21,3.42,0.0365111,-0.0628149,2.445,0.0289352,0.0681953,-0.119097,-78.9605,-80.4937,-68.228,-81.2603,-0.461888,-0.184755,-0.160121,-0.153963,
3.43921,-0.0351895,-0.00699969,-0.939126,-0.341695,0,0,0,1,12.1239,11.6687,11.0014,11.4566,22,21,21,21,3.44,0.037274,-0.0613496,2.44254,0.032556,0.0682267,-0.130457,-78.9605,-69.3779,-67.4614,-75.8941,-0.418778,-0.153963,-0.16628,-0.147804,
3.45935,-0.03467,-0.0074944,-0.938705,-0.342892,0,0,0,1,12.1509,11.7114,11.0417,11.4813,22,21,21,21,3.46,0.0379235,-0.0599863,2.44001,0.0366233,0.0670748,-0.125258,-78.9605,-75.1275,-66.6948,-68.9946,-0.314084,-0.135487,-0.387986,-0.147804,
3.47955,-0.0342489,-0.00797099,-0.938294,-0.344047,0,0,0,1,12.1808,11.7552,11.0829,11.5085,22,21,21,21,3.48,0.0386011,-0.0588202,2.43756,0.0333031,0.0540548,-0.12317,-79.3438,-74.3609,-69.3779,-75.1275,-0.234023,-0.172438,-0.585058,-0.147804,
3.50006,-0.0339103,-0.00856186,-0.937901,-0.345135,0,0,0,1,12.2097,11.7975,11.1207,11.5329,22,21,21,21,3.5,0.0395438,-0.0577311,2.43524,0.0391256,0.0459145,-0.118006,-79.3438,-75.5108,-70.9111,-68.6113,-0.172438,-0.16628,-0.560424,-0.135487,
3.5195,-0.0335981,-0.00921802,-0.937486,-0.346274,0,0,0,1,12.2389,11.8406,11.1571,11.5553,22,21,21,21,3.52,0.0406281,-0.0566418,2.4328,0.0472682,0.0480458,-0.121424,-79.7271,-73.5943,-72.4444,-80.4937,-0.16628,-0.153963,-0.455729,-0.135487,
3.53967,-0.0332949,-0.00985416,-0.937081,-0.34738,0,0,0,1,12.2685,11.8844,11.1931,11.5773,22,21,21,21,3.54,0.0416767,-0.0555824,2.43044,0.0506698,0.0462048,-0.121294,-78.5772,-80.4937,-73.9776,-72.8277,-0.141646,-0.153963,-0.295608,-0.160121,
3.55988,-0.0329201,-0.0103258,-0.936652,-0.348557,0,0,0,1,12.2971,11.9264,11.2292,11.5999,22,21,21,21,3.56,0.0423681,-0.0544982,2.42793,0.032086,0.0499109,-0.126636,-78.1939,-73.211,-74.7442,-75.8941,-0.12317,-0.153963,-0.203231,-0.153963,
3.58008,-0.0325873,-0.0108531,-0.936199,-0.349788,0,0,0,1,12.3291,11.9711,11.2687,11.6268,22,21,21,21,3.58,0.0431937,-0.0534493,2.42531,0.0402134,0.0446935,-0.135225,-79.7271,-73.211,-74.7442,-75.1275,-0.147804,-0.153963,-0.172438,-0.160121,
3.60019,-0.0322619,-0.0114213,-0.935715,-0.351093,0,0,0,1,12.3624,12.0174,11.309,11.654,22,22,21,21,3.6,0.0441028,-0.0523799,2.42252,0.0368044,0.044521,-0.138812,-79.3438,-74.3609,-74.7442,-75.1275,-0.147804,-0.160121,-0.16628,-0.153963,
3.61948,-0.0319089,-0.011848,-0.935212,-0.352448,0,0,0,1,12.3973,12.0648,11.351,11.6835,22,22,21,21,3.62,0.044727,-0.0513541,2.41964,0.0292049,0.0421716,-0.148414,-78.5772,-71.6777,-74.7442,-78.1939,-0.153963,-0.381827,-0.160121,-0.135487,
3.63947,-0.0315128,-0.0121625,-0.934699,-0.353832,0,0,0,1,12.4319,12.1106,11.3936,11.7149,22,22,21,21,3.64,0.0451094,-0.0503243,2.4167,0.0119441,0.0471262,-0.14794,-78.1939,-80.4937,-74.7442,-73.5943,-0.153963,-0.566582,-0.16628,-0.147804,
3.65964,-0.0310598,-0.0123646,-0.9342,-0.35518,0,0,0,1,12.4676,12.1564,11.4389,11.7501,22,22,21,21,3.66,0.045236,-0.0492686,2.41384,0.00303769,0.0481842,-0.149034,-78.9605,-83.1768,-73.9776,-75.5108,-0.153963,-0.53579,-0.153963,-0.153963,
3.67999,-0.0304913,-0.0125574,-0.933686,-0.35657,0,0,0,1,12.5011,12.2004,11.4849,11.7856,22,22,21,21,3.68,0.0452615,-0.0480018,2.4109,-0.00519244,0.0547495,-0.15074,-79.3438,-85.0934,-73.9776,-74.7442,-0.160121,-0.449571,-0.16628,-0.12317,
3.7002,-0.0298606,-0.0127071,-0.933143,-0.358037,0,0,0,1,12.5346,12.2454,11.5337,11.823,22,22,21,21,3.7,0.0451619,-0.0466462,2.4078,-0.0137684,0.0591317,-0.15829,-78.5772,-78.1939,-74.3609,-75.8941,-0.160121,-0.344876,-0.141646,-0.135487,
3.71954,-0.0292262,-0.0127239,-0.932592,-0.359523,0,0,0,1,12.5677,12.2893,11.5836,11.862,22,22,21,21,3.72,0.0448085,-0.0453787,2.40467,-0.0201619,0.0538925,-0.161325,-81.2603,-88.5431,-73.9776,-72.0611,-0.147804,-0.252499,-0.12317,-0.135487,
3.73987,-0.0285998,-0.0126431,-0.93202,-0.361055,0,0,0,1,12.6035,12.3342,11.6362,11.9056,22,22,21,21,3.74,0.0442771,-0.0441958,2.40144,-0.0310518,0.0550737,-0.166122,-80.4937,-84.3268,-73.9776,-77.8106,-0.160121,-0.178597,-0.141646,-0.172438,
3.76013,-0.0279681,-0.0125699,-0.931445,-0.362588,0,0,0,1,12.6391,12.378,11.6888,11.95,22,22,21,21,3.76,0.0437526,-0.0429994,2.3982,-0.0275256,0.0564168,-0.166153,-78.1939,-78.9605,-73.5943,-70.9111,-0.160121,-0.153963,-0.178597,-0.153963,
3.77948,-0.0273018,-0.0125638,-0.930838,-0.364195,0,0,0,1,12.6753,12.4231,11.7426,11.9947,22,22,21,21,3.78,0.0433272,-0.0416879,2.3948,-0.027639,0.0536683,-0.172816,-80.877,-87.7765,-73.9776,-75.5108,-0.16628,-0.141646,-0.197072,-0.135487,
3.79971,-0.0266162,-0.0124984,-0.930224,-0.365812,0,0,0,1,12.7109,12.4684,11.7969,12.0394,22,22,21,22,3.8,0.0427736,-0.0403849,2.39138,-0.0310524,0.0532642,-0.176108,-80.877,-87.7765,-74.3609,-70.9111,-0.153963,-0.129329,-0.190914,-0.153963,
3.8201,-0.0260337,-0.0122975,-0.929582,-0.367488,0,0,0,1,12.7499,12.5151,11.8534,12.0882,22,22,21,22,3.82,0.0420422,-0.0393728,2.38782,-0.0358023,0.0448563,-0.178904,-79.3438,-83.5602,-74.7442,-77.044,-0.160121,-0.129329,-0.153963,-0.418778,
3.83957,-0.0254295,-0.0122472,-0.928911,-0.369226,0,0,0,1,12.7903,12.5624,11.91,12.1379,22,22,21,22,3.84,0.0415739,-0.0382087,2.38413,-0.0219305,0.0557074,-0.188772,-78.5772,-87.0099,-73.9776,-72.8277,-0.160121,-0.153963,-0.153963,-0.560424,
3.85989,-0.0247226,-0.0123344,-0.928257,-0.370913,0,0,0,1,12.8298,12.6119,11.9676,12.1855,22,22,21,22,3.86,0.0412785,-0.0367562,2.38055,-0.0203635,0.0653335,-0.180642,-81.2603,-87.7765,-73.9776,-74.7442,-0.160121,-0.160121,-0.172438,-0.49268,
3.8801,-0.0240258,-0.0124272,-0.927622,-0.372539,0,0,0,1,12.8658,12.6603,12.0237,12.2292,22,22,22,22,3.88,0.0409936,-0.0353219,2.37709,-0.0213563,0.0607287,-0.175714,-82.0269,-87.0099,-74.7442,-76.6607,-0.160121,-0.153963,-0.153963,-0.387986,
3.89932,-0.0233851,-0.0124748,-0.926962,-0.374218,0,0,0,1,12.9037,12.7101,12.081,12.2746,22,22,22,22,3.9,0.0406643,-0.0340242,2.37351,-0.0173043,0.0551299,-0.181492,-80.877,-74.3609,-74.7442,-82.0269,-0.16628,-0.147804,-0.357193,-0.314084,
3.91962,-0.022725,-0.0125833,-0.926268,-0.37597,0,0,0,1,12.9424,12.7607,12.1387,12.3204,22,22,22,22,3.92,0.0404314,-0.0326428,2.36977,-0.00716882,0.0690716,-0.19046,-81.2603,-86.6266,-75.8941,-75.5108,-0.141646,-0.190914,-0.53579,-0.240182,
3.93957,-0.022035,-0.0127881,-0.925599,-0.377648,0,0,0,1,12.9806,12.8124,12.1967,12.3649,22,22,22,22,3.94,0.0403468,-0.0311373,2.36619,-0.0066117,0.0671671,-0.181398,-81.6436,-73.9776,-77.044,-75.8941,-0.16628,-0.16628,-0.585058,-0.184755,
3.95981,-0.0214844,-0.0130122,-0.924924,-0.37932,0,0,0,1,13.0173,12.8629,12.2519,12.4062,23,22,22,22,3.96,0.0403985,-0.0298757,2.36261,-0.00388871,0.0506167,-0.183625,-81.6436,-74.7442,-78.9605,-77.044,-0.172438,-0.141646,-0.461888,-0.141646,
3.98013,-0.0210098,-0.0131272,-0.924226,-0.381043,0,0,0,1,13.0579,12.9152,12.3075,12.4502,23,22,22,22,3.98,0.0403039,-0.0288356,2.35891,-0.00852692,0.0408972,-0.184696,-82.4102,-82.4102,-81.2603,-76.6607,-0.344876,-0.172438,-0.326401,-0.12317,
3.99957,-0.0205573,-0.0131293,-0.92353,-0.382749,0,0,0,1,13.0989,12.9653,12.3619,12.4956,23,22,22,22,4,0.0400135,-0.0279237,2.35525,-0.0139202,0.0420374,-0.184804,-81.6436,-75.5108,-82.0269,-87.0099,-0.541948,-0.178597,-0.240182,-0.147804,
4.01962,-0.0200127,-0.0130884,-0.922847,-0.384424,0,0,0,1,13.1387,13.0131,12.416,12.5416,23,23,22,22,4.02,0.0395686,-0.0268774,2.35165,-0.0241307,0.0487052,-0.1829,-88.1598,-74.3609,-80.4937,-87.3932,-0.560424,-0.160121,-0.197072,-0.12317,
4.03995,-0.0194371,-0.0129811,-0.922175,-0.386066,0,0,0,1,13.1765,13.059,12.4702,12.5878,23,23,22,22,4.04,0.0389725,-0.0258286,2.34813,-0.0322718,0.0406701,-0.17731,-85.86,-75.8941,-81.6436,-83.1768,-0.480363,-0.28945,-0.160121,-0.147804,
4.06024,-0.0188979,-0.012817,-0.921507,-0.38769,0,0,0,1,13.2121,13.1017,12.5228,12.6332,23,23,22,22,4.06,0.0382961,-0.0248937,2.34465,-0.040304,0.0401235,-0.178297,-92.3761,-87.7765,-80.4937,-80.4937,-0.357193,-0.585058,-0.110853,-0.141646,
4.07971,-0.0182437,-0.0125448,-0.920814,-0.389374,0,0,0,1,13.2493,13.1454,12.5783,12.6823,23,23,22,22,4.08,0.0373293,-0.023831,2.34104,-0.0475578,0.0477744,-0.180472,-89.693,-94.2926,-80.877,-87.3932,-0.264816,-0.578899,-0.141646,-0.16628,
4.09998,-0.0174903,-0.0122592,-0.92017,-0.390936,0,0,0,1,13.2831,13.1862,12.6342,12.731,23,23,22,22,4.1,0.0362534,-0.0226049,2.33769,-0.0508288,0.0597563,-0.171691,-87.7765,-84.7101,-80.877,-87.7765,-0.203231,-0.449571,-0.16628,-0.141646,
4.11929,-0.0167136,-0.0120394,-0.919501,-0.392546,0,0,0,1,13.3143,13.2261,12.6902,12.7784,23,23,22,22,4.12,0.0352775,-0.0212858,2.33424,-0.0536802,0.060952,-0.175467,-88.5431,-91.2262,-81.2603,-85.0934,-0.178597,-0.338718,-0.160121,-0.135487,
4.13949,-0.0159182,-0.0117973,-0.918806,-0.394213,0,0,0,1,13.3448,13.2661,12.7466,12.8253,23,23,22,22,4.14,0.0342428,-0.0199515,2.33066,-0.0546799,0.0554001,-0.181074,-85.0934,-88.5431,-80.877,-80.877,-0.141646,-0.283291,-0.129329,-0.160121,
4.15954,-0.0151363,-0.0114453,-0.918074,-0.395956,0,0,0,1,13.3788,13.3088,12.8068,12.8768,23,23,22,22,4.16,0.0330137,-0.0187299,2.32691,-0.0611781,0.0557116,-0.187549,-86.6266,-88.9264,-80.4937,-87.7765,-0.129329,-0.190914,-0.147804,-0.16628,
4.18002,-0.0142845,-0.0111389,-0.917354,-0.397659,0,0,0,1,13.4119,13.3505,12.8673,12.9286,23,23,22,22,4.18,0.0318076,-0.0173499,2.32325,-0.0564196,0.0733402,-0.185635,-87.7765,-80.877,-80.877,-87.7765,-0.135487,-0.141646,-0.16628,-0.147804,
4.19922,-0.0134527,-0.0108996,-0.916599,-0.399434,0,0,0,1,13.4446,13.3932,12.9285,12.9799,23,23,22,22,4.2,0.0307368,-0.0159547,2.31942,-0.0508294,0.0620504,-0.194042,-93.526,-91.2262,-80.877,-77.044,-0.135487,-0.129329,-0.160121,-0.160121,
4.21933,-0.0126633,-0.0107054,-0.915835,-0.401213,0,0,0,1,13.4773,13.4365,12.9891,13.0299,23,23,22,23,4.22,0.0297777,-0.0146052,2.31557,-0.0500625,0.0581674,-0.196165,-85.0934,-84.3268,-80.877,-80.877,-0.129329,-0.147804,-0.172438,-0.153963,
4.23965,-0.0117933,-0.0104724,-0.915035,-0.403065,0,0,0,1,13.5126,13.483,13.0529,13.0825,23,23,23,23,4.24,0.0286786,-0.0131409,2.31157,-0.0602811,0.0667414,-0.203099,-87.3932,-88.9264,-80.877,-78.1939,-0.160121,-0.129329,-0.184755,-0.357193,
4.26001,-0.0109376,-0.010245,-0.914263,-0.404845,0,0,0,1,13.5462,13.5282,13.1166,13.1346,23,23,23,23,4.26,0.0275947,-0.0117047,2.30771,-0.0526875,0.0690148,-0.195902,-87.7765,-90.4596,-80.877,-92.7594,-0.153963,-0.135487,-0.431095,-0.529631,
4.28015,-0.0100719,-0.0100934,-0.913499,-0.406591,0,0,0,1,13.5782,13.5726,13.179,13.1846,23,23,23,23,4.28,0.0266356,-0.0101938,2.30393,-0.0460757,0.072764,-0.189225,-85.86,-89.693,-82.7935,-82.0269,-0.153963,-0.16628,-0.53579,-0.498839,
4.2995,-0.00925664,-0.0101328,-0.912708,-0.408382,0,0,0,1,13.609,13.6178,13.2399,13.231,23,23,23,23,4.3,0.026061,-0.00862123,2.30003,-0.0283696,0.073005,-0.198391,-85.4767,-88.1598,-83.9435,-84.3268,-0.16628,-0.16628,-0.49268,-0.443412,
4.31979,-0.00845353,-0.010164,-0.911933,-0.410126,0,0,0,1,13.6421,13.6668,13.3022,13.2775,23,23,23,23,4.32,0.0254752,-0.00708113,2.29624,-0.0306826,0.0687468,-0.193485,-96.9758,-94.676,-84.3268,-88.9264,-0.172438,-0.16628,-0.406461,-0.357193,
4.33996,-0.00775081,-0.0101758,-0.911186,-0.411797,0,0,0,1,13.6737,13.7133,13.3612,13.3215,23,23,23,23,4.34,0.0249306,-0.00574416,2.2926,-0.0222206,0.0630409,-0.184455,-82.7935,-84.7101,-86.2433,-88.1598,-0.160121,-0.160121,-0.357193,-0.252499,
4.35925,-0.00702476,-0.0102028,-0.910427,-0.413485,0,0,0,1,13.7048,13.7587,13.4185,13.3646,23,23,23,23,4.36,0.0243897,-0.00435369,2.28891,-0.0197961,0.0673859,-0.186141,-84.7101,-83.9435,-87.3932,-89.693,-0.16628,-0.197072,-0.270974,-0.190914,
4.37943,-0.00634452,-0.0102363,-0.909611,-0.415287,0,0,0,1,13.7361,13.8044,13.4758,13.4075,23,23,23,23,4.38,0.023894,-0.00304014,2.28497,-0.0245442,0.0585637,-0.195574,-87.7765,-87.7765,-87.7765,-84.7101,-0.172438,-0.184755,-0.197072,-0.147804,
4.39966,-0.00556279,-0.0103337,-0.908809,-0.417046,0,0,0,1,13.7699,13.8536,13.5364,13.4526,23,23,23,23,4.4,0.0234248,-0.00149178,2.28113,-0.0226442,0.0717955,-0.195287,-88.5431,-89.3097,-87.7765,-96.2092,-0.16628,-0.147804,-0.16628,-0.141646,
4.41992,-0.00486955,-0.0103197,-0.908019,-0.418773,0,0,0,1,13.8016,13.9008,13.5956,13.4964,23,23,23,23,4.42,0.0228213,-0.000200096,2.27734,-0.0278426,0.0543246,-0.190354,-86.2433,-88.5431,-87.0099,-80.4937,-0.16628,-0.141646,-0.160121,-0.110853,
4.47919,-0.00277022,-0.0103903,-0.905437,-0.424344,0,0,0,1,38.0229,38.3763,37.6075,37.2541,48,48,47,47,4.48,0.0211684,0.00380165,2.2651,-0.0254137,0.0632713,-0.207288,-84.7101,-85.86,-87.0099,-87.7765,-0.160121,-0.153963,-0.153963,-0.135487,
4.49942,-0.00210818,-0.0104575,-0.904552,-0.426229,0,0,0,1,17.0563,17.2413,16.919,16.734,27,27,26,26,4.5,0.0207175,0.00510066,2.26095,-0.0223435,0.0564139,-0.210148,-100.809,-90.4596,-102.725,-93.526,-1.95225,-1.91529,-2.45108,-2.04462,
4.51962,-0.0016084,-0.0106175,-0.904222,-0.426929,0,0,0,1,14.3642,14.5397,14.2825,14.1069,24,24,24,24,4.52,0.0205764,0.00615719,2.25941,-0.0131397,0.0447182,-0.0425469,-106.175,-111.541,-100.809,-112.691,-2.16163,-1.57658,-1.50267,-1.06542,
4.53989,-0.00109646,-0.0105845,-0.904046,-0.427303,0,0,0,1,14.0193,14.2036,13.9621,13.7778,24,24,23,23,4.54,0.0200767,0.00706315,2.2586,-0.0192136,0.04747,-0.0704793,-86.2433,-90.4596,-96.5925,-79.3438,1.60737,1.91529,2.14316,2.06926,
4.56024,-0.000479601,-0.0104887,-0.90305,-0.429406,0,0,0,1,13.9911,14.1857,13.9565,13.7619,23,24,23,23,4.56,0.0193574,0.00814169,2.25395,-0.0265753,0.0488855,-0.263516,-73.5943,-72.4444,-87.0099,-75.8941,3.02998,2.50035,2.99303,2.72206,
4.57953,0.000234866,-0.0105237,-0.901429,-0.432798,0,0,0,1,14.0374,14.2455,14.0287,13.8207,24,24,24,23,4.58,0.0187713,0.00953281,2.24644,-0.0266195,0.0646989,-0.390467,-65.5449,-66.6948,-75.8941,-59.0287,2.64816,1.45957,2.21706,1.93377,
4.65991,0.00361158,-0.0105662,-0.894901,-0.446125,0,0,0,1,51.3015,52.2237,51.5766,50.6544,61,62,61,60,4.66,0.0156917,0.0158924,2.21679,-0.0252469,0.0542427,-0.285044,-78.1939,-87.7765,-76.2774,-80.1104,-1.35487,-1.2317,-1.58889,-1.0531,
